name;addr
Amazing Grace Community Church;Lethbridge,AB
Crestwood Presbyterian Church;Edmonton,AB
New City Church;Calgary,AB
Westminster Chapel;Lethbridge,AB
Woodgreen Presbyterian Church;Calgary,AB
Anchorage New Life Presbyterian Church;Anchorage,AK
Faith Presbyterian Church;Anchorage,AK
Redeemer Presbyterian Church;Kenai,AK
Altadena Valley Presbyterian Church;Birmingham,AL
Bethel Presbyterian Church;Union Springs,AL
Boligee Presbyterian Church;Boligee,AL
Brent Presbyterian Church;Brent,AL
Briarwood Presbyterian Church;Birmingham,AL
Cahaba Park Church PCA;Birmingham,AL
Catherine Presbyterian Church;Catherine,AL
Central Presbyterian Church;Emelle,AL
Christ Church PCA;Trussville,AL
Christ Community Church;Springville,AL
Christ Community Church;Helena,AL
Christ Covenant Presbyterian Church;Cullman,AL
Christ Presbyterian Church;Mobile,AL
Christ Presbyterian Church;Owens Cross Roads,AL
Christ Presbyterian Church of Auburn;Auburn,AL
Christ Redeemer Church;Mobile,AL
City Church Midtown;Birmingham,AL
Clayton Presbyterian Church;Clayton,AL
Collinsville Presbyterian Church;Collinsville,AL
Community Presbyterian Church;Moody,AL
Cornerstone Church, PCA;Calera,AL
Cornerstone Presbyterian Church;Huntsville,AL
Covenant Presbyterian Church;Birmingham,AL
Covenant Presbyterian Church;Auburn,AL
Covenant Presbyterian Church;Eufaula,AL
Cross Creek Church;Hoover,AL
Decatur Presbyterian Church;Decatur,AL
Eastern Shore Presbyterian Church;Fairhope,AL
Eastwood Presbyterian Church;Montgomery,AL
Evangel Church PCA;Alabaster,AL
Evangel Presbyterian Church - Oneonta;Oneonta,AL
Faith Presbyterian Church;Birmingham,AL
Faith Presbyterian Church;Anniston,AL
Faunsdale Presbyterian Church;Faunsdale,AL
First Presbyterian Church;Greensboro,AL
First Presbyterian Church;Aliceville,AL
First Presbyterian Church;Centreville,AL
First Presbyterian Church;Russellville,AL
First Presbyterian Church;Demopolis,AL
First Presbyterian Church;Camden,AL
First Presbyterian Church;Dothan,AL
First Presbyterian Church;Greenville,AL
First Presbyterian Church;Uniontown,AL
First Presbyterian Church;Prattville,AL
First Presbyterian Church;Enterprise,AL
First Presbyterian Church;Montgomery,AL
First Presbyterian Church;Troy,AL
First Presbyterian Church;Florala,AL
First Presbyterian Church;Eutaw,AL
First Presbyterian Church;Brewton,AL
First Presbyterian Church;Tuscumbia,AL
First Presbyterian Church;Atmore,AL
First Presbyterian Church of Jasper;Jasper,AL
Good Hope Presbyterian Church;Benton,AL
Grace Community Church;Mobile,AL
Grace Covenant Presbyterian Church;Athens,AL
Grace Fellowship Presbyterian Church;Foley,AL
Grace Fellowship Presbyterian Church;Albertvillle,AL
Grace Fellowship Presbyterian Church;Clanton,AL
Grace Presbyterian Chelsea;Chelsea,AL
Grace Presbyterian Church;Fort Payne,AL
Gulf Coast Presbyterian Church;Gulf Shores,AL
Harvest Community Church;Birmingham,AL
Hayneville Presbyterian Church;Hayneville,AL
Homewood Community Church;Homewood,AL
Hope Community Church;Jacksonville,AL
Household of Faith Church;Birmingham,AL
Knollwood Presbyterian Church;Sylacauga,AL
Lakewood Presbyterian Church;Pell City,AL
Lillian Fellowship Church;Lillian,AL
Linden Presbyterian Church;Linden,AL
Little Sandy Ridge Presbyterian Church;Fort Deposit,AL
Lowndesboro Presbyterian Church;Lowndesboro,AL
Loxley Presbyterian Church;Loxley,AL
Marion Presbyterian Church;Marion,AL
Millbrook Presbyterian Church;Millbrook,AL
Monroeville Presbyterian Church;Monroeville,AL
Montgomery Open Kingdom Presbyterian Church;Pike Road,AL
Mount Calvary Presbyterian Church;Clay,AL
New Covenant Presbyterian Church;Selma,AL
Newbern Presbyterian Church;Newbern,AL
North Hills Presbyterian Church;Meridianville,AL
Oak Mountain Church;Birmingham,AL
Pea River Presbyterian Church;Clio,AL
Pleasant Grove Presbyterian Church;Pleasant Grove,AL
Pleasant Ridge Presbyterian Church;Eutaw,AL
Pleasant View Presbyterian Church;Clayton,AL
Providence Presbyterian Church;Montgomery,AL
Rainbow Presbyterian Church;Rainbow City,AL
Red Mountain Church;Birmingham,AL
Redeemer Presbyterian Church;Florence,AL
Redeemer Presbyterian Church;Scottsboro,AL
Redeemer Presbyterian Mission;Gardendale,AL
Riverwood Presbyterian Church;Tuscaloosa,AL
Salem Presbyterian Church;Alpine,AL
Se Um Church;Auburn,AL
Southside Presbyterian Church ;Huntsville,AL
Southwood Presbyterian Church;Huntsville,AL
The Village Church;Huntsville,AL
Third Presbyterian Church;Birmingham,AL
Trinity Presbyterian Church;Opelika,AL
Trinity Presbyterian Church;Montgomery,AL
Trinity Presbyterian Church;Tuscaloosa,AL
Unity Presbyterian Church;Weogufka,AL
Urban Hope;Fairfield,AL
Valley Presbyterian Church;Madison,AL
Westminster Presbyterian Church;Huntsville,AL
Westwood Presbyterian Church;Dothan,AL
Woodland Presbyterian Church;Notasulga,AL
Young Meadows Presbyterian Church;Montgomery,AL
Central Hope Church;Little Rock,AR
Christ Church Bentonville;Bentonville,AR
Christ Church Conway;Conway,AR
Christ Community Church;Fayetteville,AR
Christ Redeemer PCA - Mission;Jonesboro,AR
Covenant Church;Fayetteville,AR
Covenant Presbyterian Church;Fort Smith,AR
Covenant Presbyterian Church at Little Rock;Little Rock,AR
Covenant Presbyterian Church at Russellville;Russellville,AR
First Presbyterian Church at Clarendon;Clarendon,AR
Hope Church Hot Springs;Hot Springs,AR
Redeemer Presbyterian Church;Siloam Springs,AR
Trinity Fellowship Church;Sherwood,AR
Trinity Grace Church;Rogers,AR
Ascension Church of Phoenix;Phoenix,AZ
Blessed Church in Greater Phoenix;Tempe,AZ
Catalina Foothills Church;Tucson,AZ
Church of the Resurrection;Flagstaff,AZ
Covenant Presbyterian Church;Sun City West,AZ
Desert Palms Church;Chandler,AZ
Desert Springs Presbyterian Church;Tucson,AZ
Fellowship of Grace Church;Peoria,AZ
Grace Presbyterian Church;Sierra Vista,AZ
Holy Cross Church;Tucson,AZ
Hope Community Church;Queen Creek,AZ
King of Kings;Goodyear,AZ
Midtown Presbyterian Church;Tucson,AZ
New City Barrio Nuevo Phoenix;Laveen,AZ
New Valley Church;Chandler,AZ
Reconciled Church of South Scottsdale ;Scottsdale,AZ
Rincon Mountain Presbyterian Church;Tucson,AZ
Sierra Vista United Korean Presbyterian Church;Sierra Vista,AZ
Sojourn Church;Scottsdale,AZ
Christ Covenant Church;Langley,BC
Faith Reformed Presbyterian Church;Vancouver,BC
Free Grace Presbyterian Church;Vernon,BC
Grace Vancouver;Vancouver,BC
Lighthouse Presbyterian Church;Victoria,BC
Abundant Community Church;Anaheim,CA
Aliso Creek Church;Aliso Viejo,CA
Antioch Korean Christian Community Church;La Mirada,CA
Arise Presbyterian Church;Vista,CA
Ark Mission Church;Carmichael,CA
Berkeley Grace Presbyterian Church;Berkeley,CA
Burbank Korean Presbyterian Church;Burbank,CA
California Christ Community Church;Stanton,CA
Calvary Presbyterian Church;Glendale,CA
Canyon Creek Presbyterian Church;San Ramon,CA
Chinese Reformed Church of San Diego;Poway,CA
Christ Church Ventura;Ventura,CA
Christ Presbyterian Church;Murrieta,CA
Christ Presbyterian Church;Santa Barbara,CA
Church in the Canyon;Calabasas,CA
City Light Church;Los Angeles,CA
Covenant Presbyterian Church;Paso Robles,CA
CrossPoint Church of Sacramento;Sacramento,CA
Disciple Community Church;Irvine,CA
East Sarang Community Church;Chino,CA
Eden Korean Presbyterian Church;Castro Valley,CA
El Centro Korean Church;El Centro,CA
Foothills Neighborhood Church;Sierra Madre,CA
Gardena Presbyterian Church;Gardena,CA
Gateway Presbyterian Church;San Fernando,CA
Global Mission Church;Diamond Bar,CA
Grace Church of Marin;San Anselmo,CA
Grace Fresno Presbyterian Church;Fresno,CA
Grace Pasadena Church, Inc.;Pasadena,CA
Grace Presbyterian Church;Yorba Linda,CA
Grace Presbyterian Church of Silicon Valley;Palo Alto,CA
Grace Presbyterian Church, Fallbrook;Fallbrook,CA
Grace Sacramento;Sacramento,CA
Grace South Bay;San Jose,CA
Grace Valley Church;Los Altos,CA
Hamonah Presbyterian Church;Pleasant Hill,CA
Hana Presbyterian Church;Gardena,CA
Harbor City Church;San Diego,CA
Harbor Presbyterian Church UTC;San Diego,CA
Holy City Church;Cerritos,CA
Il Shin Presbyterian Church;Buena Park,CA
Indelible Grace Church;Castro Valley,CA
Inland Church PCA;Pomona,CA
Irvine Sarang Community Church;Irvine,CA
iVision Community Church;Downey,CA
Jesus Family Presbyterian Church;Valencia,CA
Jungkm Church;Anaheim,CA
King's Church;Long Beach,CA
Lamp Presbyterian Church of Los Angeles;Gardena,CA
Living Faith Presbyterian Church;Los Angeles,CA
Living Hope Church;Pasadena,CA
Living Stone Community Church;Carmichael,CA
Maranatha Vision Church;Livermore,CA
Mision Vida Nueva;Escondido,CA
Nachimban Church;Brea,CA
New City Fellowship;Elk Grove,CA
New Creation Church;Burbank,CA
New Life Burbank;Burbank,CA
New Life Church of Irvine;Irvine,CA
New Life Mission Church;Fullerton,CA
New Life Mission Church of Fremont;Fremont,CA
New Life Mission Church of Glendale;La Crescenta,CA
New Life Mission Church of Northern California;San Jose,CA
New Life Presbyterian Church;Escondido,CA
New Life Presbyterian Church;La Mesa,CA
New Life Presbyterian Church of La Jolla;La Jolla,CA
New Life Presbyterian Church of Orange County;Fullerton,CA
New Song Church;Corona,CA
New Vision Presbyterian Church;Merced,CA
North City Presbyterian Church;Poway,CA
North Park Presbyterian Church;San Deigo,CA
Open Door Church of Orange County;Placentia,CA
Orange Hill Presbyterian Church;Orange,CA
Pacific Crossroads Church;Los Angeles,CA
Parkside Presbyterian Church;San Diego,CA
Peniel Presbyterian Church;Los Angeles,CA
Providence Presbyterian Church;Palm Desert,CA
Providence Reformed Church of Bakersfield;Bakersfield,CA
Ramona Valley Presbyterian Church;Ramona,CA
Redeemer Presbyterian Church;Camarillo,CA
Redeemer Presbyterian Church;Santa Rosa,CA
Redeemer Presbyterian Church;Los Angeles,CA
Redeemer Presbyterian Church;Newport Beach,CA
Redeemer Presbyterian Church 2nd site;Torrance,CA
Redeemer Presbyterian Church of San Diego;Encinitas,CA
Redeeming Grace Church;Torrance,CA
Redemption Church;San Marcos,CA
Resurrection Oakland Church;Oakland,CA
Resurrection Orange County;Ladera Ranch,CA
Resurrection Presbyterian Church of San Diego;San Diego,CA
Revive Presbyterian Church of Silicon Valley;Sunnyvale,CA
Ridge Presbyterian Church;Chico,CA
Risen Church;Hayward,CA
Sa-Rang Community Church;Anaheim,CA
Salinas Korean Presbyterian Church;Salinas,CA
San Diego New Hope Church;San Diego,CA
Servant Church of San Diego;San Diego,CA
Serving Community Presbyterian Church;Chino Hills,CA
Shalom Church of Southern California;Torrance,CA
Sierra View Presbyterian Church;Fresno,CA
Stockton Bansuk Presbyterian Church;Stockton,CA
The Humbled One Church;Los Alamitos,CA
The Way;South Pasadena,CA
The Way Church;Los Angeles,CA
Trinity Presbyterian Church;San Luis Obispo,CA
Trinity Presbyterian Church of Orange County;Orange,CA
Trinity Presbyterian Church of San Diego;San Diego,CA
Valley Bethel Presbyterian Church;Chatsworth,CA
Valley Presbyterian Church;Los Angeles,CA
Valley Springs Presbyterian Church;Roseville,CA
Victory Presbyterian Church;Los Angeles,CA
Walnut Creek Heavenly Church;Walnut Creek,CA
Cheyenne Mountain Presbyterian Church;Colorado Springs,CO
Cornerstone Presbyterian Church;Castle Rock,CO
Covenant Presbyterian Church;Wheat Ridge,CO
Covenant Reformed Presbyterian Church;Pueblo,CO
Deer Creek Community Church;Littleton,CO
Denver Presbyterian Church;Denver,CO
Disciple Mission Church of Denver;Denver,CO
Elevate Hope Centennial Inc.;Centennial,CO
Forestgate Presbyterian Church;Colorado Springs,CO
Grace and Peace Church;Colorado Springs,CO
Grace and Peace Denver;Blanc Events,CO
Grace Church Presbyterian;Ft. Collins,CO
High Plains Fellowship;Falcon,CO
Living Redeemer Church;Grand Junction,CO
New Life Mission Church of Colorado;Aurora,CO
Providence Presbyterian Church-Durango;Durango,CO
Redeemer Longmont;Longmont,CO
Redeemer Presbyterian Church;Parker,CO
Rocky Mountain Presbyterian Church;Westminster,CO
Saint Patrick;Greeley,CO
Skyview Presbyterian Church;Centennial,CO
Summit Church of Buena Vista;Buena Vista,CO
The Table Church;Lafayette,CO
Trinity Reformed Church;New Castle,CO
Trinity Reformed Presbyterian Church;Montrose,CO
Village Seven Presbyterian Church;Colorado Springs,CO
Waypoint Church;Colorado Springs,CO
Westside Church;Colorado Springs,CO
Christ Community Presbyterian Church;West Hartford,CT
Christ is Life Presbyterian Church;Fairfield,CT
Christ Presbyterian Church;New Haven,CT
Christ Presbyterian Church of Fairfield;Bridgeport,CT
Christ the Shepherd Church;Danbury,CT
Christian Community Church of Danbury;Danbury,CT
Covenant Presbyterian Church;Ledyard,CT
Grace Church of Greenwich;Greenwich,CT
Grace Church Stamford;Stamford,CT
New England Grace Presbyterian Church;West Hartford,CT
Presbyterian Church of Coventry;Coventry,CT
Presbyterian Church of Manchester;Manchester,CT
Grace Presbyterian Church of Washington, DC;Washington,DC
CenterPoint Church ;Smyrna,DE
City Church Wilmington;Wilmington,DE
Crossroads Presbyterian Church;Middletown,DE
Eastgate Presbyterian Church;Millsboro,DE
Evangelical Presbyterian Church;Newark,DE
Faith Presbyterian Church;Wilmington,DE
Good News Church;Hockessin,DE
Gospel Church for all Nations;Wilmington Manor,DE
Grace Church PCA;Dover,DE
Heritage Presbyterian Church;New Castle,DE
The Town (PCA);Middletown,DE
Areumdown Presbyterian Church;Miami,FL
Auburn Road Presbyterian Church;Venice,FL
Bay Presbyterian Church;Bonita Springs,FL
Boynton Beach Community Church;Boynton Beach,FL
CenterPoint Church;Tallahassee,FL
Chattahoochee Presbyterian Church;Chattahoochee,FL
Christ Central Presbyterian Church;Tampa,FL
Christ Church Beaches;Jacksonville Beach,FL
Christ Church East;Jacksonville,FL
Christ Church Intown;Jacksonville,FL
Christ Church Presbyterian;Jacksonville,FL
Christ Community Church;Titusville,FL
Christ Community Church;Gainesville,FL
Christ Community Church PCA Palm Beach;Wellington,FL
Christ Community Presbyterian Church;Clearwater,FL
Christ Community Presbyterian Church;Lakeland,FL
Christ Covenant Church;Southwest Ranches,FL
Christ the King Presbyterian Church;Seminole,FL
Christ the King Presbyterian Church;Vero Beach,FL
Christ the King Presbyterian Church;Port St. Lucie,FL
Christ United Fellowship Orlando;Orlando,FL
City Church Sarasota;Sarasota,FL
City Church St. Petersburg;St. Petersburg,FL
CityChurch;Wilton Manors,FL
Community Presbyterian Church;McIntosh,FL
Community Presbyterian Church;Live Oak,FL
Concord Presbyterian Church;Gulf Breeze,FL
Coquina Presbyterian Church;Ormond Beach,FL
Coral Ridge Presbyterian Church;Ft. Lauderdale,FL
Cornerstone of Lakewood Ranch;Bradenton,FL
Cornerstone Presbyterian Church;Palm Beach Gardens,FL
Cornerstone Presbyterian Church;Tallahassee,FL
Cornerstone Presbyterian Church;Lutz,FL
Covenant Church;Palm Bay,FL
Covenant Church of Naples;Naples,FL
Covenant Life Presbyterian Church;Sarasota,FL
Covenant of Grace Presbyterian Church;North Port,FL
Covenant Presbyterian Church;Lakeland,FL
Covenant Presbyterian Church;Panama City,FL
Covenant Presbyterian Church;Sebring,FL
Covenant Presbyterian Church;Oviedo,FL
Cross Community Church of South Florida;Deerfield Beach,FL
Cross Creek Church;St. Johns,FL
Crossbridge Church Miami;Pinecrest,FL
Cypress Ridge Presbyterian Church;Winter Haven,FL
El Redentor Presbyterian Church;Miami,FL
El Shaddai of Grace Church;Naples,FL
El Shaddai Presbyterian Church;Miami,FL
El Shaddai Presbyterian Mission;Winter Haven,FL
El Shalom Haitian Community Church;Loxahatchee,FL
Elohim Evangelical Church;Jacksonville,FL
Emanuel Presbyterian Church;Boca Raton,FL
Fairfield Presbyterian Church;Pensacola,FL
Faith Presbyterian Church;Gainesville,FL
Faith Presbyterian Church;Sarasota,FL
Faith Presbyterian Church;Wauchula,FL
First Presbyterian Church;Panama City,FL
First Presbyterian Church;Niceville,FL
First Presbyterian Church of Coral Springs;Coral Springs,FL
Florida Coast Church;Pompano Beach,FL
FWB International Community Church Mission;Ft. Walton Beach,FL
Gainesville Open Kingdom Presbyterian Church;Gainesville,FL
Good News Church;St. Augustine,FL
Good Shepherd Presbyterian Church;Ocala,FL
Grace Community Church;Yulee,FL
Grace Community Mission;Lakeland,FL
Grace Community Presbyterian Church;Palm  Harbor,FL
Grace Covenant Presbyterian Church;Hilliard,FL
Grace Presbyterian Church;Palm Coast,FL
Grace Presbyterian Church;Madison,FL
Grace Presbyterian Church;Stuart,FL
Grace Presbyterian Church;Ocala,FL
Grace Presbyterian Church;Lake Suzy,FL
Grace Redeemer PCA;Crestview,FL
Granada Presbyterian Church;Coral Gables,FL
Greater Hope Presbyterian Church;Mulberry,FL
Hammock Street Church;Boca Raton,FL
Harbor Community Church;Bradenton,FL
Him Church of Orlando;Orlando,FL
Hope Chapel;Miami,FL
Immanuel Presbyterian Church;DeLand,FL
Kendall Presbyterian Church;Miami,FL
Key Biscayne Presbyterian Church;Key Biscayne,FL
Kissimmee Fellowship;Orlando,FL
Korean Community Church of Ft. Myers;North Ft. Myers,Fl
Korean Cornerstone Presbyterian Church of Jacksonville;Jacksonville,FL
Korean Cornerstone Presbyterian Church of Tallahassee;Tallahassee,FL
Korean Open Church of Tampa Bay;Tampa,FL
La Vina;Orlando,FL
Lake Baldwin Church;Winter Park,FL
Lake Nona Presbyterian Church;Orlando,FL
Lake Osborne Presbyterian Church;Lake Worth,FL
Lighthouse Christian Fellowship;Tamarac,FL
Marco Presbyterian Church;Marco Island,FL
McIlwain Memorial Presbyterian Church;Pensacola,FL
Melbourne Open Kingdom;Melbourne,FL
New City Church;Palm Bay,FL
New City Fellowship Church;Hollywood,FL
New City Fellowship Church Miami;Miami,FL
New Hope Presbyterian Church;Eustis,FL
New Life PCA;Minneola,FL
New Philadelphia Presbyterian Church;Quincy,FL
New Presbyterian Church;Wilton Manors,FL
New Song;West Palm Beach,FL
NewCity Orlando;Orlando,FL
North Ft. Myers Presbyterian Church;North Ft. Myers,FL
Northside Presbyterian Church;Melbourne,FL
Oak City Mission;Bartow,FL
Oak River Presbyterian Church;Bonita Springs,FL
Ocala Korean Presbyterian Church;Ocala,FL
Old Cutler Presbyterian Church;Palmetto Bay,FL
Orangewood Church;Maitland,FL
Orlando Chinese Evangelical Christian Church;Casselberry,FL
Orlando Korean Presbyterian Church in America;Orlando,FL
Ortega Presbyterian Church;Jacksonville,FL
Panama City Korean Church;Panama City,FL
Pine Ridge Presbyterian Church;Orlando,FL
Pinelands Presbyterian Church;Cutler Bay,FL
Pinewood Church;Jacksonville,FL
Pinewoods Presbyterian Church;Pensacola,FL
Ponte Vedra Presbyterian Church;Ponte Vedra Beach,FL
Providence Christian Church;Cape Coral,FL
Redeemer Community Church;Hudson,FL
Redeemer Community Church PCA;Ocala,FL
Redeemer Presbyterian Church;Riverview,FL
Redeemer Presbyterian Church;Lakeland,FL
Redeemer Presbyterian Church;Inverness,FL
Redeemer Presbyterian Church;Titusville,FL
Redeemer Presbyterian of North Miami;North Miami,FL
Redeemer Winter Haven;Winter Haven,FL
Redlands Community Church;Homestead,FL
Rio Vista Community Church;Ft. Lauderdale,FL
River Oaks Presbyterian Church;Lake Mary,FL
Safe Harbor Presbyterian Church;Destin,FL
Sand Harbor Presbyterian Church;Jupiter,FL
Seacrest Presbyterian Church;Delray Beach,FL
Seven Rivers Presbyterian Church;Lecanto,FL
Seven Rivers Villages Church;Wildwood,FL
Spanish River Church;Boca Raton,FL
Springs Presbyterian Church;Dunnellon,FL
Spruce Creek Presbyterian Church;Port Orange,FL
St Andrews Park Road Presbyterian Church;Hollywood,FL
St. John's Presbyterian Church;Winter Garden,FL
St. Paul's Presbyterian Church;Orlando,FL
St. Petersburg Presbyterian Church;St. Petersburg,FL
Strong Tower Church;Lakeland,FL
Tampa Bay Presbyterian Church;Tampa,FL
Tampa Chodae Community Church;Tampa,FL
Tampa Open Kingdom Presbyterian Church in America;Tampa,FL
Treasure Coast Presbyterian Church;Stuart,FL
Trinity Presbyterian Church;Lakeland,FL
Truth Point Church;West Palm Beach,FL
University Presbyterian Church;Orlando,FL
University Presbyterian Mission;Tampa,FL
Warrington Presbyterian Church;Pensacola,FL
Waypoint Church;Ponte Vedra,FL
Westminster Presbyterian Church;Jacksonville,FL
Westminster Presbyterian Church;Ft. Myers,FL
Westminster Presbyterian Church;Brandon,FL
Westminster Presbyterian Church;Milton,FL
Westminster Presbyterian Church;Ft. Walton Beach,FL
Westminster Presbyterian Church;Tallahasse,FL
Westtown Church;Tampa,FL
Wildwood Presbyterian Church;Tallahassee,FL
Willow Creek Church;Winter Springs,FL
Word of Life Church;North Port,FL
Atlanta Matupi Community Church;Stone Mountain,GA
Atlanta Saints Presbyterian Church;Suwanee,GA
Atlanta Westside Presbyterian Church;Atlanta,GA
Augusta Hope Church PCA;Augusta,GA
Bethany Presbyterian Church;Greensboro,GA
Brookhaven Presbyterian Church;Atlanta,GA
Carriage Lane Presbyterian Church;Peachtree City,GA
Chapel In The Gardens Presbyterian Church;Garden City,GA
Chattanooga Valley Presbyterian Church;Flintstone,GA
Cherokee Presbyterian Church;Canton,GA
Chestnut Mountain Presbyterian Church;Flowery Branch,GA
Christ Church, Presbyterian;Evans,GA
Christ Community Church;Kennesaw,GA
Christ Community Church;Athens,GA
Christ Community Presbyterian Church;Thomasville,GA
Christ Covenant;Woodstock,GA
Christ Covenant Presbyterian Church;Peachtree Corners,GA
Christ Fellowship;Roswell,GA
Christ Presbyterian Church;Clarkesville,GA
Christ Presbyterian Church;Newnan,GA
Christ Presbyterian Church Gwinnett;Lawrenceville,GA
Christ the King;Flowery Branch,GA
ChristChurch Presbyterian;Atlanta,GA
ChristChurch Suwanee;Suwanee,GA
Christos Community Church;Norcross,GA
Church of the Redeemer;Atlanta,GA
City Church - Eastside;Atlanta,GA
Cliffwood Presbyterian Church;Augusta,GA
Community Church Griffin;Griffin,GA
Coram Deo Presbyterian Church;Suwanee,GA
Covenant Family Presbyterian Mission;McDonough,GA
Covenant Presbyterian Church;Milledgeville,GA
Covenant Presbyterian Church;Warner Robins,GA
Covenant Presbyterian Church;Fayetteville,GA
Covenant Presbyterian Church;Dublin,GA
Creekstone Church;Dahlonega,GA
Dayspring Presbyterian Church;Forsyth,GA
East Cobb Presbyterian Church;Marietta,GA
Eternal Life Presbyterian Church;Suwanee,GA
Faith Korean Presbyterian Mission;Alpharetta,GA
Faith Presbyterian Church;Watkinsville,GA
First Presbyterian Church;Ft. Oglethorpe,GA
First Presbyterian Church;Waynesboro,GA
First Presbyterian Church;Augusta,GA
First Presbyterian Church;Sandersville,GA
First Presbyterian Church;Summerville,GA
First Presbyterian Church;Macon,GA
First Presbyterian Church;Villa Rica,GA
First Presbyterian Church;Pooler,GA
Golden Isles Presbyterian Church;St. Simons Island,GA
Good Shepherd Presbyterian Church;Athens,GA
Grace Church;Canton,GA
Grace Church for all Nations;Stone Mountain,GA
Grace Church of the Islands;Savannah,GA
Grace Community Church;Macon,GA
Grace Community Church of Hall County;Buford,GA
Grace Community Presbyterian Church;Lyons,GA
Grace Community Presbyterian Church;Suwanee,GA
Grace Community Trenton;Trenton,GA
Grace Covenant Church - PCA;Dallas,GA
Grace Han-Mee Presbyterian Mission;Lilburn,GA
Grace Presbyterian Church;Blairsville,GA
Grace Presbyterian Church;Cedartown,GA
Grace Presbyterian Church;Dalton,GA
Grace Presbyterian Church;Douglasville,GA
GracePointe Church of Forsyth;Cumming,GA
Haynes Creek Church;Monroe,GA
Highlands Presbyterian Church;LaFayette,GA
Hope Presbyterian Church;Marietta,GA
Houston Lake Presbyterian Church;Kathleen,GA
Icthus Presbyterian Mission;Duluth,GA
Intown Community Church;Atlanta,GA
Jesus Hope Church of Georgia;Suwanee,GA
Kainos Church;Lilburn,GA
King's Chapel Presbyterian Church;Carrollton,GA
Korean Covenant Presbyterian Church;Marietta,GA
Korean First Presbyterian Church;Tucker,GA
Lake Oconee Presbyterian Church;Eatonton,GA
Lakemont Presbyterian Church;Augusta,GA
Lord of Glory Fellowship;Athens,GA
Macon Korean Presbyterian Church;Macon,GA
Midway Presbyterian Church;Powder Springs,GA
Mustard Seed Fellowship;Peachtree Corners,GA
New Church of Atlanta;Peachtree Corners,GA
New City Church;Lawrenceville,GA
New Covenant Presbyterian Church;Richmond Hill,GA
New Life Presbyterian Church;Tifton,GA
North Macon Presbyterian Church;Macon,GA
Northgate Presbyterian Church;Albany,GA
Northside Presbyterian Church;Winder,GA
Oconee Fellowship;Watkinsville,GA
Old Peachtree Presbyterian Church;Duluth,GA
On-Bit Presbyterian Church;Suwanee,GA
Open Door Community Church;Alpharetta,GA
Our Love Presbyterian Church;Suwanee,GA
Parkview Church;Lilburn,GA
Penfield Presbyterian Church;Penfield,GA
Perimeter Church;Johns Creek,GA
Perry Presbyterian Church;Perry,GA
Ponce Presbyterian Church;Atlanta,GA
Providence Presbyterian Church;Harlem,GA
Redeemer Presbyterian Church;Brunswick,GA
Redeemer Presbyterian Church;Evans,GA
Redeemer Presbyterian Church;Athens,GA
Redeemer Valdosta;Valdosta,GA
Redemption Fellowship Presbyterian Church;Fayetteville,GA
Renewal Church Loganville;Loganville,GA
Restoration Presbyterian Church;Dacula,GA
Resurrection Presbyterian Church;Athens,GA
Riverside Community Church;Cartersville,GA
Rock Creek Fellowship;Lookout Mountain,GA
Sae Han Presbyterian Church of Atlanta;Alpharetta,GA
Saebit Korean Presbyterian Church;Newnan,GA
Salem Church;Franklin,GA
Savannah First Korean Presbyterian Church;Bloomingdale,GA
Seven Hills Fellowship;Rome,GA
Siloam Korean Church of Atlanta;Norcross,GA
Smyrna Presbyterian Church;Smyrna,GA
South Liberty Presbyterian Church;Sharon,GA
St. Andrews Presbyterian Church;Americus,GA
St. Andrews Presbyterian Church;Columbus,GA
Strong Tower Fellowship Mission;Macon,GA
The Kirk Presbyterian;Savannah,GA
The Rock Presbyterian Church;Stockbridge,GA
The Vine Community Church;Cumming,GA
Trinity Presbyterian Church;Statesboro,GA
Trinity Presbyterian Church;Covington,GA
Tucker Presbyterian Church;Tucker,GA
Unity Korean Presbyterian Church;Johns Creek,GA
Village Church of East Atlanta;Atlanta,GA
Westminster Japanese Church;Roswell,GA
Westminster Presbyterian Church;Martinez,GA
Westminster Presbyterian Church;Columbus,GA
Westminster Presbyterian Church;Atlanta,GA
Westminster Presbyterian Church;Gainesville,GA
Wheat Mission in Atlanta;Norcross,GA
Hawaii Central Church;Honolulu,HI
Kahikolu Church Kauai;Koloa,HI
The City Church of Honolulu ;Honolulu,HI
Trinity Church Central Oahu;Mililani,HI
Trinity Presbyterian Church;Kailua,HI
Bethany Evangelical & Reformed Church;Ledyard,IA
Colfax Center Presbyterian Church;Holland,IA
Cornerstone Presbyterian Church;Ackley,IA
Grace Reformed Presbyterian Church;Orange City,IA
Hope Evangelical Church;North Liberty,IA
Hospers Presbyterian Church;Hospers,IA
New Life Fellowship Church;Elk Run Heights,IA
One Ancient Hope Presbyterian Church;Iowa City,IA
Redeemer Presbyterian Church;Des Moines,IA
Trinity Presbyterian Church;Cedar Rapids,IA
All Saints Presbyterian Church;Meridian,ID
Boise Presbyterian Mission;Boise,ID
All Souls Presbyterian Church;Champaign-Urbana,IL
Bethel Christian Church (Chicago);Chicago,IL
Bethel Christian Church (Wheeling);Niles,IL
Bethel Presbyterian Church of Chicago;Palatine,IL
Bethel Reformed Presbyterian Church;Sparta,IL
Boulevard Presbyterian Church;Oak Park,IL
Center Grove Presbyterian Church;Edwardsville,IL
Christ Church ;Normal,IL
Christ Presbyterian Church (PCA);Roselle,IL
Concord Presbyterian Church;Waterloo,IL
Cornerstone Presbyterian Church;Grayslake,IL
Covenant Fellowship Church of South Holland;South Holland,IL
Covenant Presbyterian Church;Chicago,IL
Crete Church;Crete,IL
Ethos Presbyterian Church;Chicago,IL
Exodus Presbyterian Church;Springfield,IL
Faith Community Church;West Chicago,IL
First Church (PCA);Lansing,IL
First Korean Presbyterian Church;Glenview,IL
Forreston Grove Church;Forreston,IL
Grace Church;Lansing,IL
Grace Fellowship Church;Freeport,IL
Grace Presbyterian Church;Carbondale,IL
Grace Presbyterian Church;Peoria,IL
Grace Presbyterian Church of the North Shore;Winnetka,IL
Grandcote Reformed Presbyterian Church;Coulterville,IL
Hanna City Presbyterian Church;Hanna City,IL
Highland Korean Presbyterian Church;Vernon Hills,IL
Korean Church of Chicago;Hoffman Estates,IL
Lakeview Presbyterian Church;Vernon Hills,IL
Lincoln Square Presbyterian Church;Chicago,IL
Living Hope Church, Chicago;Chicago,IL
Marissa Presbyterian Church;Marissa,IL
Missio Dei Church;Manhattan,IL
Naperville Presbyterian Church;Naperville,IL
Peace Community Church;Frankfort,IL
Petra Presbyterian Church;Mount Prospect,IL
Providence Presbyterian Church;Troy,IL
Redeemer Presbyterian;Peoria,IL
Redemption Presbyterian Church;Tinley Park,IL
Reformed Presbyterian Church of Cutler;Cutler,IL
The Redemption Church;Lisle,IL
Trinity Presbyterian Church;Hinsdale,IL
Trinity Presbyterian Church;Aledo,IL
Vineyard Presbyterian Church;Elmhurst,IL
Westminster Presbyterian Church;Elgin,IL
Westminster Presbyterian Church;Paxton,IL
Westminster Presbyterian Church;Godfrey,IL
Christ Community Church;Carmel,IN
Christ Presbyterian Church;Richmond,IN
City Hope Fellowship;Muncie,IN
Covenant Presbyterian Church;Hammond,IN
Crossroads Community Church;Fishers,IN
Eunhye Korean Presbyterian Church of Indianapolis;Indianapolis,IN
Fountain Square Presbyterian Church;Indianapolis,IN
Good Shepherd Presbyterian Church;Valparaiso,IN
Grace Church PCA;Dyer,IN
Grace Presbyterian Church;Indianapolis,IN
Heart City Church;Elkhart,IN
Hope Presbyterian Church;Bloomington,IN
Living Branch;Noblesville,IN
Living Hope Church;Terre Haute,IN
Michiana Covenant Church;Granger,IN
Midtown Church;Indianapolis,IN
New City Church;Indianapolis,IN
New Life Presbyterian Church;Yorktown,IN
Providence Church;Evansville,IN
Providence Presbyterian Church;Ft. Wayne,IN
Redeemer Presbyterian Church;Indianapolis,IN
Resurrection Presbyterian Church;West Lafayette,IN
Trinity Church of Brownsburg;Indianapolis,IN
Trinity Presbyterian Church;DeMotte,IN
Westminster Presbyterian Church;Muncie,IN
Westminster Presbyterian Church;Vincennes,IN
Evangel Presbyterian Church;Wichita,KS
Heartland Community Church;Wichita,KS
Kirk of the Plains;Andover,KS
Manhattan Presbyterian Church;Manhattan,KS
New Hope Presbyterian Church in America;Olathe,KS
Oak Hills Presbyterian Church;Shawnee,KS
Park Woods Presbyterian Church;Overland Park,KS
Redeemer Presbyterian Church;Overland Park,KS
Christ Covenant Presbyterian Church;Lexington,KY
Christ Presbyterian Church;Owensboro,KY
Community Presbyterian Church;Louisville,KY
Covenant Community Church;Richmond,KY
Covenant Presbyterian Church;Cynthiana,KY
Grace & Peace Church;Bowling Green,KY
Grace and Peace Presbyterian Church;Bellevue,KY
Grace Church Elizabethtown;Elizabethtown,KY
Grace Fellowship Middlesboro;Middlesboro,KY
Grace PCA;Danville,KY
Hope Presbyterian Church;Lexington,KY
Korea SaeHan Church of Louisville;Louisville,KY
Redeemer Presbyterian Church;Louisville,KY
Tates Creek Presbyterian Church;Lexington,KY
Trinity Church PCA;Richmond,KY
Trinity Presbyterian Church of Northern Kentucky;Ludlow,KY
Bethel Presbyterian Church;Lake Charles,LA
Christ Community Church;St. Francisville,LA
Covenant Reformed Presbyterian Church;Ruston,LA
Delhi Presbyterian Church;Delhi,LA
Faith Presbyterian Church;Clinton,LA
Grace Presbyterian Church;Metairie,LA
Grace Presbyterian Church;Baton Rouge,LA
Grace Presbyterian Church;Shreveport,LA
Ouachita Presbyterian Church Plant;Monroe,LA
Parish Church;Lafayette,LA
Plains Presbyterian Church;Zachary,LA
Redeemer Presbyterian Church;New Orleans,LA
South Baton Rouge Presbyterian Church;Baton Rouge,LA
St. Roch Community Church;New Orleans,LA
Three Rivers Presbyterian Church;Covington,LA
Westminster Presbyterian Church;Baton Rouge,LA
Bethel Presbyterian Church;Marlborough,MA
Center Grace Church;Beverly,MA
Christ the King Dorchester;Dorchester,MA
Christ the King Newton;Newton Lower Falls,MA
Christ The King Presbyterian Church;Cambridge,MA
Christ the King Presbyterian Church in Quincy;Quincy,MA
Christ the King United;Woburn,MA
Christ the Redeemer - Quincy;Quincy,MA
Citylife Chestnut Hill;Newton,MA
Citylife Presbyterian Church of Boston;Boston,MA
Covenant Church;Millers Falls,MA
First Presbyterian Church North Shore ;Ipswich,MA
Grace Presbyterian Church;Hanover,MA
Grace Presbyterian Church;Springfield,MA
Grace Presbyterian Church Worcester;Worcester,MA
Greater Springfield Korean Church;Agawam,MA
New Life Presbyterian Community Church;Framingham,MA
Parkway Presbyterian Church;Boston,MA
Penuel Presbyterian Church;Lowell,MA
Redeemer Presbyterian Church;Concord,MA
Seven Hills Presbyterian Church;Somerville,MA
West Springfield Covenant Community Church;West Springfield,MA
Abbott Memorial Presbyterian Church;Baltimore,MD
Aisquith Presbyterian Church;Parkville,MD
Broadneck Evangelical Presbyterian Church;Arnold,MD
Calvary Gospel Presbyterian Church;Towson,MD
Chapelgate Presbyterian Church;Marriottsville,MD
Christ New Community;Waldorf,MD
Christ Presbyterian Church;Germantown,MD
Christ Reformed Presbyterian Church;Laurel,MD
City Church Presbyterian;Baltimore,MD
City of Hope Church;Columbia,MD
Columbia Presbyterian Church;Columbia,MD
Cornerstone Church PCA;Manchester,MD
Cornerstone Presbyterian Church;Lexington Park,MD
Covenant of Grace Presbyterian Church;Reisterstown,MD
Covenant Presbyterian Church of Maryland;Laurel,MD
DaySpring Presbyterian Church;Glen Burnie,MD
Deep Run Church;Westminster,MD
Evangelical Presbyterian Church;Annapolis,MD
Fair Hill Church;Elkton,MD
Faith Christian Fellowship Church;Baltimore,MD
Faith Presbyterian Church;Cumberland,MD
Faith Reformed Presbyterian Church;Frederick,MD
Forest Hill Presbyterian Church;Forest Hill,MD
Gateway Community of Faith;White Hall,MD
Gloria Korean Presbyterian Church;Glen Burnie,MD
Good Hope Presbyterian Church;Fulton,MD
Grace Christian Fellowship;Hancock,MD
Grace Evangelical Presbyterian Church;Davidsonville,MD
Grace Point Presbyterian Church;Severn,MD
Grace Reformed Fellowship;Hagerstown,MD
Grace Reformed Presbyterian Church;Baltimore,MD
Great Love Mission Church;Rockville,MD
Han-Sarang Evangelical Presbyterian Church;Millersville,MD
Harris Creek Community Church;Baltimore,MD
Harvest Fellowship;Lusby,MD
Harvest Presbyterian Church;Clarksville,MD
Hope Chapel;Lutherville,MD
Hunt Valley Church;Hunt Valley,MD
Inverness Presbyterian Church;Dundalk,MD
Liberty Church, PCA;Owings Mills,MD
Living Hope Presbyterian Church;Havre de Grace,MD
Loch Raven Presbyterian Church;Parkville,MD
Mosaic Community Church;Silver Spring,MD
Mount Airy Presbyterian Church;Mount Airy,MD
New Covenant Presbyterian Church;Abingdon,MD
New Song Community Church;Baltimore,MD
Pasadena Evangelical Presbyterian Church;Pasadena,MD
Port Towns Church;Bladensburg,MD
Providence Presbyterian Church;Salisbury,MD
Redeemer Presbyterian Church;Kingsville,MD
Reformed Presbyterian Church of Bowie;Bowie,MD
River's Edge Community Church;Oella,MD
Rosebrook Presbyterian Church;Rockville,MD
Safe Harbor Presbyterian Church;Stevensville,MD
Seongdo Korean Presbyterian Church;Derwood,MD
Severn Run Evangelical Presbyterian Church;Millersville,MD
Severna Park Evangelical Presbyterian Church;Pasadena,MD
Shady Grove Presbyterian Church;Derwood,MD
Shore Harvest Presbyterian Church;Easton,MD
Timonium Presbyterian Church;Timonium,MD
Trinity Presbyterian Church;Gambrills,MD
Valley Presbyterian Church;Lutherville,MD
Wallace Presbyterian Church;College Park,MD
WCI Presbyterian Church;Cumberland,MD
Christ the Redeemer Presbyterian Church;Portland,ME
Free Grace Presbyterian Church;Lewiston,ME
Christ Church;Grand Rapids,MI
Christ Church Ann Arbor;Ann Arbor,MI
Christ the King PCA;Hastings,MI
Covenant Presbyterian Church;Holland,MI
Faith Presbyterian Church;Grandville,MI
First Presbyterian Church;Bad Axe,MI
Good Shepherd Presbyterian PCA;Kalamazoo,MI
Gracehill Church;Grand Rapids,MI
Knox Presbyterian Church;Harrison Township,MI
Korean Presbyterian Church of Ann Arbor;Ann Arbor,MI
New City Presbyterian Church;Ferndale,MI
Pathway Community Church;Brighton,MI
Redeemer Presbyterian Church;Holland,MI
Redeemer Presbyterian Church;Traverse City,MI
Redeemer Presbyterian Church Detroit;Detroit,MI
Trinity Church PCA;Hudsonville,MI
Tyrone Covenant Presbyterian Church;Fenton,MI
University Reformed Church;East Lansing,MI
Christ Church;Mankato,MN
CityLife Church;St. Paul,MN
Federal Correction Institution Sandstone;Sandstone,MN
First Presbyterian Church;Hinckley,MN
Good Shepherd Presbyterian Church;Minnetonka,MN
Grace Covenant Church;Bloomington,MN
Grace Presbyterian Church;Duluth,MN
Trinity Presbyterian Church;Rochester,MN
All Souls Church of St. Louis;St. Louis,MO
Calvary Presbyterian Church;St. Robere,MO
Chesterfield Presbyterian Church;Chesterfield,MO
Christ the King Presbyterian Church;Joplin,MO
Christ the Redeemer;Lees Summit,MO
Covenant Presbyterian Church;St. Louis,MO
Crossroads Presbyterian Fellowship;Maplewood,MO
First Korean Presbyterian Church of Springfield;Nixa,MO
First Korean Presbyterian Church of St. Louis;St. Ann,MO
Good Shepherd Presbyterian Church;St. Louis,MO
Grace & Peace Fellowship;St. Louis,MO
Grace Presbyterian Church;St. Charles,MO
Grace Presbyterian Fellowship;Farmington,MO
Heritage Presbyterian Church;Eureka,MO
Kirk of the Hills Presbyterian Church;St. Louis,MO
Korean First Presbyterian Church of Columbia;Columbia,MO
Korean Presbyterian Church of St. Louis;St. Louis,MO
Memorial Presbyterian Church;St. Louis,MO
Midtown Church;St. Louis,MO
Midtown Presbyterian Church;Columbia,MO
New City Fellowship;S. Louis,MO
New City South;St. Louis,MO
New City West End;St. Louis,MO
New Creation Presbyterian Church;Wentzville,MO
New Life Presbyterian Church;St. Louis,MO
New Port Presbyterian Church;Washington,MO
Old Orchard Church;Webster Groves,MO
Providence Reformed Presbyterian Church;St. Louis,MO
Redeemer Presbyterian Church;Columbia,MO
Redeeming Grace Fellowship;Owensville,MO
Restoration Community Church;St. Louis,MO
South City Church;St. Louis,MO
Spring Hills Presbyterian Church;Byrnes Mill,MO
Trinity Presbyterian Church;Kirkwood,MO
Trinity Presbyterian Church;Union,MO
True Community Fellowship;Kirksville,MO
Twin Oaks Presbyterian Church;Ballwin,MO
Bailey Presbyterian Church;Bailey,MS
Bay Springs Presbyterian Church;Bay Springs,MS
Bay Street Presbyterian Church;Hattiesburg,MS
Bethesda Presbyterian Church;Edwards,MS
Blackmonton Presbyterian Church;Vaiden,MS
Brandon Presbyterian Church;Brandon,MS
Calvary Presbyterian Church;Mize,MS
Carolina Presbyterian Church;Madden,MS
Carrollton Presbyterian Church;Carrollton,MS
Carthage Presbyterian Church;Carthage,MS
Christ Covenant Church;Hernando,MS
Christ Fellowship;Horn Lake,MS
Christ Presbyterian Church at Olive Branch;Olive Branch,MS
Christ Presbyterian Church at Oxford;Oxford,MS
College Hill Presbyterian Church;Oxford,MS
Collins Presbyterian Church;Collins,MS
Columbia Presbyterian Church;Columbia,MS
Covenant Presbyterian Church;Laurel,MS
Covenant Presbyterian Church at Cleveland;Cleveland,MS
Covenant Presbyterian Church at Greenville;Greenville,MS
Crosstown Fellowship Church;Cleveland,MS
DeKalb Presbyterian Church;DeKalb,MS
Edwards Presbyterian Church;Edwards,MS
Faith Presbyterian Church;Aberdeen,MS
Faith Presbyterian Church;Brookhaven,MS
First Korean Presbyterian Mission;Biloxi,MS
First Presbyterian Church;Biloxi,MS
First Presbyterian Church;Madison,MS
First Presbyterian Church;Yazoo City,MS
First Presbyterian Church;Louisville,MS
First Presbyterian Church;Gulfport,MS
First Presbyterian Church;Lexington,MS
First Presbyterian Church;Hazlehurst,MS
First Presbyterian Church;Jackson,MS
First Presbyterian Church;Taylorsville,MS
First Presbyterian Church;Crystal Springs,MS
First Presbyterian Church;Kosciusko,MS
First Presbyterian Church;Union,MS
First Presbyterian Church;Woodville,MS
First Presbyterian Church;Hattiesburg,MS
First Presbyterian Church;Belzoni,MS
First Presbyterian Church;Philadelphia,MS
First Presbyterian Church;Picayune,MS
First Presbyterian Church at Charleston;Charleston,MS
First Presbyterian Church at Clarksdale;Clarksdale,MS
First Presbyterian Church at Indianola;Indianola,MS
First Presbyterian Church at Water Valley;Water Valley,MS
First Presbyterian Church at Winona;Winona,MS
Forest Grove Presbyterian Church;Carthage,MS
Forest Presbyterian Church;Forest,MS
Geneva Presbyterian Church;Matherville,MS
Grace Presbyterian Church;Jackson,MS
Grace Presbyterian Church;Grenada,MS
Grace Presbyterian Church at Starkville;Starkville,MS
Heidelberg Presbyterian Church;Heidelberg,MS
Highlands Presbyterian Church;Ridgeland,MS
Hope Presbyterian Church;Ocean Springs,MS
Hopewell Presbyterian Church;Mount Olive,MS
Houston Presbyterian Church;Houston,MS
Itta Bena-Morgan City Presbyterian Church;Morgan City,MS
Korean American Church of Jackson;Raymond,MS
Lakeland Presbyterian Church;Flowood,MS
Lauderdale Presbyterian Church;Lauderdale,MS
Lawndale Presbyterian Church;Tupelo,MS
Leakesville Presbyterian Church;Leakesville,MS
Lebanon Presbyterian Church;Learned,MS
Macon Presbyterian Church;Macon,MS
Madison Heights Church;Madison,MS
Magee Presbyterian Church;Magee,MS
Main Street Presbyterian Church;Columbus,MS
Maple Drive Presbyterian Church;Pontotoc,MS
Marks Presbyterian Church;Marks,MS
McDonald Presbyterian Church;Collins,MS
Meadville Presbyterian Church;Meadville,MS
Moss Point Presbyterian Church;Moss Point,MS
Mount Carmel Presbyterian Church;Bailey,MS
Mount Olive Presbyterian Church;Mount Olive,MS
New Augusta Presbyterian Church;New Augusta,MS
New Covenant Presbyterian Church;Summit,MS
New Covenant Presbyterian Church;Natchez,MS
Newton Presbyterian Church;Newton,MS
Northpointe Presbyterian Church;Meridian,MS
Old Lebanon Presbyterian Church;Ackerman,MS
Oldenburg Presbyterian Church;Roxie,MS
Pear Orchard Presbyterian Church;Ridgeland,MS
Pearl Presbyterian Church;Pearl,MS
Petal Presbyterian Church;Petal,MS
Philadelphus Presbyterian Church;Waynesboro,MS
Pickens Presbyterian Church;Pickens,MS
Pine Ridge Presbyterian Church;Natchez,MS
Pinehaven Presbyterian Church;Clinton,MS
Pleasant Springs Presbyterian Church;DeKalb,MS
Prentiss Presbyterian Church;Prentiss,MS
Providence Presbyterian Church;Clinton,MS
Raymond Presbyterian Church;Raymond,MS
Redeemer Church in Saltillo;Saltillo,MS
Redeemer Church, PCA;Jackson,MS
Sardis Presbyterian Church;Sardis,MS
Scooba Presbyterian Church;Scooba,MS
Second Presbyterian Church;Yazoo City,MS
Sharon Presbyterian Church;Magee,MS
Shiloh Presbyterian Church;Pickens,MS
Shongalo Presbyterian Church;Vaiden,MS
Spout Springs Presbyterian Church;Ripley,MS
Starkville Korean Church;Starkville,MS
Tchula Presbyterian Church;Tchula,MS
Thomson Memorial Presbyterian Church;Centreville,MS
Trinity Presbyterian Church;Jackson,MS
Trinity Presbyterian Church;Corinth,MS
Union Church Presbyterian Church;Union Church,MS
United Presbyterian Church;Sandersville,MS
Waynesboro Presbyterian Church;Waynesboro,MS
Westminster Presbyterian Church;Greenwood,MS
Westminster Presbyterian Church;Vicksburg,MS
Woodland Presbyterian Church;Hattiesburg,MS
Wynndale Presbyterian Church, PCA;Byram,MS
All Souls Missoula;Missoula,MT
Church of the Cross;Whitefish,MT
Faith Covenant Presbyterian Church;Kalispell,MT
Great Plains Gathering;Billings,MT
Rocky Mountain Community Church;Billings,MT
Trinity Church PCA;Bozeman,MT
Covenant Reformed Presbyterian Church;Miramichi,NB
Douglastown Community Church;Miramichi,NB
All Nations Presbyterian Mission Church;Charlotte,NC
Andrews Presbyterian Church;Andrews,NC
Antioch Presbyterian Church;Goldsboro,NC
Arden Presbyterian Church;Arden,NC
Back Creek Presbyterian Church;Mount Ulla,NC
Calvary Presbyterian Church;Raleigh,NC
Carolina Presbyterian Church;Locust,NC
Charlotte Presbyterian Church;Charlotte,NC
Christ Central Church;Charlotte,NC
Christ Central Durham;Durham,NC
Christ Church;Clayton,NC
Christ Church at River's Edge;Belmont,NC
Christ Church Dunn;Dunn,NC
Christ Church Greensboro;Greensboro,NC
Christ Church Sanford;Sanford,NC
Christ Community Church;Chapel Hill,NC
Christ Covenant Church;Matthews,NC
Christ Our Hope Church;Wake Forest,NC
Christ Presbyterian Church;Greenville,NC
Christ the King Church;Wilmington,NC
Christ The King Presbyterian Church;Raleigh,NC
Church of the Good Shepherd;Durham,NC
Church of the Redeemer;Indian Trail,NC
Cornerstone Presbyterian Church;Brevard,NC
Covenant Grace Church;Greensboro,NC
Covenant Presbyterian Church;Hendersonville,NC
Covenant Presbyterian Church;Waynesville,NC
Covenant Reformed Presbyterian Church;Asheville,NC
Cross Covenant Chinese Church;Matthews,NC
Cross Creek Presbyterian Church;Fayetteville,NC
Cross Park Church;Charlotte,NC
CrossPoint Community Church;Boone,NC
East Charlotte Presbyterian Church;Charlotte,NC
Emmanuel Presbyterian Church;Franklin,NC
Fairview Christian Fellowship;Fairview,NC
Faith Presbyterian Church;Morganton,NC
Fellowship Presbyterian Church;Newland,NC
First Presbyterian Church;Weaverville,NC
First Presbyterian Church;Ellerbe,NC
First Presbyterian Church;Stanley,NC
Frank Presbyterian Church;Newland,NC
Friendly Hills Church PCA;Greensboro,NC
Friendship Presbyterian Church;Black Mountain,NC
Goshen Presbyterian Church;Belmont,NC
Grace & Peace Presbyterian Church;Asheville,NC
Grace Blue Ridge;Hendersonville,NC
Grace Church;Harrisburg,NC
Grace Covenant Church;Hickory,NC
Grace Foothills;Tryon,NC
Grace Highlands Presbyterian Church ;Vilas,NC
Grace Mills River;Mills River,NC
Grace Presbyterian Church;Kernersville,NC
Grace Presbyterian Church;Fuquay-Varina,NC
Grace Presbyterian Church;Waxhaw,NC
Harbor Church PCA;Mooresville,NC
Harbor Presbyterian Church;Elizabeth City,NC
Harvest Presbyterian Church;Jacksonville,NC
Harvest Presbyterian Church;Lincolnton,NC
Hazelwood Presbyterian Church;Waynesville,NC
Hope Community Church;Charlotte,NC
Hope Presbyterian Church;Winston-Salem,NC
Lake Tillery Church;Troy,NC
Lakeshore Church;Denver,NC
Malvern Hills Presbyterian Church;Asheville,NC
Meadowview Reformed Presbyterian Church;Lexington,NC
Midtown Community Church;Raleigh,NC
Missio Church;Durham,NC
Mount Carmel Presbyterian Church;Ellerbe,NC
New Hope Presbyterian Church;Clemmons,NC
New Hope Presbyterian Church;China Grove,NC
New Life Community Church;Fayetteville,NC
Norman Presbyterian Church;Norman,NC
NorthCross Church;Cornelius,NC
Northside Presbyterian Church;Burlington,NC
Pamlico Presbyterian Church;Oriental,NC
Peace Presbyterian Church;Cary,NC
Progressive Presbyterian Church;Princeton,NC
Prosperity Presbyterian Church;Charlotte,NC
Providence Presbyterian Church;Murphy,NC
Providence Presbyterian Church;Concord,NC
Reconciliation Church;Knightdale,NC
Redeemer Church;Pinehurst,NC
Redeemer Church PCA;Sylva,NC
Redeemer Presbyterian Church;Raleigh,NC
Redeemer Presbyterian Church;Winston-Salem,NC
Redeemer Yadkin Valley;Lewisville,NC
Salem Presbyterian Church;Winston-Salem,NC
Second Street Presbyterian Church;Albemarle,NC
Shearer Presbyterian Church;Mooresville,NC
South Charlotte Presbyterian Church;Charlotte,NC
Southlake Presbyterian Church;Huntersville,NC
Sovereign Grace Presbyterian Church;Charlotte,NC
StoneBridge Church Community;Charlotte,NC
Story Memorial Presbyterian Church;Marion,NC
Summer Oaks Presbyterian Church;Summerfield,NC
Trinity Church;Winston-Salem,NC
Trinity Park Church;Cary,NC
Trinity Presbyterian Church;Asheville,NC
Uptown Church, PCA;Charlotte,NC
Village Chapel Presbyterian Church;New Bern,NC
Vive Charlotte Church;Charlotte,NC
Wayside Presbyterian Church;Chocowinity,NC
West Charlotte Church;Charlotte,NC
White Oak Presbyterian Church;Fremont,NC
Whiteside Presbyterian Church;Cashiers,NC
Wilson Presbyterian Church;Wilson,NC
Yea Hyang Presbyterian Church;Cary,NC
Resurrection Church;Fargo,ND
Grace Central Church;Omaha,NE
Grace Chapel;Lincoln,NE
Grace Church PCA;Fremont,NE
Grace Covenant Church;Grand Island,NE
Harvest Community Church;Omaha,NE
New Song Church;Gretna,NE
Redeemer PCA;Lincoln,NE
Tree of Life Church;Omaha,NE
Trinity Presbyterian Church;Kearney,NE
Zion Church;Lincoln,NE
Christ Church PCA;Pembroke,NH
Christ Presbyterian Church;Nashua,NH
Church of the Redeemer of Manchester;Manchester,NH
Exeter Presbyterian Church;Exeter,NH
Faith Presbyterian Church;Lancaster,NH
Hooksett Christian Fellowship;Hooksett,NH
Ark Presbyterian Church;Fairlawn,NJ
Beloved Presbyterian;Rutherford,NJ
Calvary Presbyterian Church;Allenwood,NJ
Cherry Hill Associated Presbyterian Church;Mount Laurel,NJ
Comunidade Crista Presbiteriana;Newark,NJ
Covenant Fellowship Church;West Orange,NJ
Covenant Presbyterian Church;Cape May,NJ
Covenant Presbyterian Church;Cherry Hill,NJ
Covenant Presbyterian Church;Short Hills,NJ
Crossroads Community Church;Somerville,NJ
Ebenezer Presbyterian Church;Newark,NJ
Fairfield Presbyterian Church;Fairton,NJ
Glory Community Church;Union City,NJ
Good News Church;Princeton,NJ
Gospel Presbyterian Church;Parsippany,NJ
Grace Community Church;Bridgewater,NJ
Grace Presbyterian Church;Mount Laurel,NJ
Grace Redeemer Church;Glen Rock,NJ
Hebron Presbyterian Mission;Newark,NJ
Hope Community Church PCA;Northfield,NJ
Hope Presbyterian Church;Randolph,NJ
Hope Presbyterian Church;Lawrenceville,NJ
King's Cross Church;Robbinsville Twp,NJ
Knowlton Presbyterian Church;Columbia,NJ
Lighthouse Korean Presbyterian Church;Palisades Park,NJ
Living Hope Church;Palisades Park,NJ
Mercy Hill Presbyterian Church;Glassboro,NJ
New City Fellowship of Atlantic City;Atlantic City,NJ
New Hope Community Church;Cherry Hill,NJ
Redeemer Church of Montclair;Montclair,NJ
Redeemer Hoboken;Hoboken,NJ
Redeemer Jersey City Church;Jersey City,NJ
Redentor Presbyterian Church;South River,NJ
Bryce Avenue Presbyterian Church;White Rock,NM
Christ Church Santa Fe PCA;Santa Fe,NM
City Presbyterian Church Albuquerque;Albuquerque,NM
Coram Deo;Las Cruces,NM
Grace Covenant Church;Las Cruces,NM
High Desert Church (PCA);Albuquerque,NM
Mosaic Church;Albuquerque,NM
Providence Presbyterian Church - Farmington;Farmington,NM
University Presbyterian Church;Las Cruces,NM
Westminster Presbyterian Church;Alamogordo,NM
Bedford Presbyterian Church;Bedford,NS
Christ Church Halifax;Halifax,NS
Harbour Light Church PCA;Sydney,NS
Sovereign Grace Presbyterian Church;River Denys,NS
Grace Presbyterian Church;Reno,NV
Las Vegas Presbyterian Church;Las Vegas,NV
Spring Meadows Presbyterian Church;Las Vegas,NV
Affirmation Presbyterian Church;Katonah,NY
All Souls Community Church;Suffern,NY
Armor Bible Presbyterian Church;Orchard Park,NY
Ascension Church;Forest Hills,NY
Astoria Community Church;Astoria,NY
Barun Presbyterian Church;Flushing,NY
Christ Central Buffalo;Buffalo,NY
Christ Church;Syracuse,NY
Church of the Redeemer;Cortland,NY
City Fellowship Church;New York,NY
Comunidade Crista Presbiteriana;Mineola,NY
Covenant Church;Whitestone,NY
Covenant of Faith Church;Jericho,NY
Covenant of Grace Church;Briarwood,NY
Duanesburg Reformed Presbyterian Church;Duanesburg,NY
Emmanuel Presbyterian Church;New York,NY
Exilic Church;New York,NY
Faith Church of Westchester;White Plains,NY
First Presbyterian Church;Schenectady,NY
Gospel Center Church;Little Neck,NY
Grace Church;Rochester,NY
Grace Presbyterian Church;Water Mill,NY
Hope Church;Ballston Spa,NY
Immanuel Presbyterian Church;Floral Park,NY
King's Cross Church;Flushing,NY
Korean Presbyterian Church of Southern New York;Woodside,NY
Living Faith Community Church;Flushing,NY
New City Fellowship Beechwood;Rochester,NY
New Heart Mission Church;Hicksville,NY
New Hope Presbyterian Church;Vestal,NY
New Life Presbyterian Church;Ithaca,NY
New Life Presbyterian Church;Canton,NY
New York Kwang Yeom Presbyterian;Whitestone,NY
North Shore Community Church;Oyster Bay,NY
Presbyterian Church of Wellsville;Wellsville,NY
Redeemer East Harlem;New York,NY
Redeemer Presbyterian Church Downtown;New York,NY
Redeemer Presbyterian Church East Side;New York,NY
Redeemer Presbyterian Church West Side;New York,NY
Redeemer Reformed Presbyterian Church;Queensbury,NY
Savior Presbyterian Church;Flushing,NY
Sekwang Korean Presbyterian Church;Pleasantville,NY
Storefront Church-Mission;New York,NY
The Well - Mission Church;New York,NY
Trinity Presbyterian Church;Mt. Kisco,NY
Uptown Community Church;New York,NY
Westminster Presbyterian Church;Rock Tavern,NY
Yebon Church of New York;Flushing,NY
Christ Presbyterian Church;Kent,OH
Cornerstone Presbyterian Church;Boardman,OH
Faith Presbyterian Church;Akron,OH
Faith Presbyterian Church;Cincinnati,OH
First Evangelical Presbyterian Church;East Liverpool,OH
Grace Central Presbyterian Church;Columbus,OH
Grace Presbyterian Church of the Western Reserve;Hudson,OH
Harvest Presbyterian Church;Medina,OH
Hope Presbyterian Church;Columbus,OH
King's Cross Presbyterian Church;Waynesville,OH
Korean Central Presbyterian Church of Cincinnati;Cincinnati,OH
Living Hope PCA;Fairfield Twp,OH
New City Presbyterian Church;Hilliard,OH
New City Presbyterian Church;Cincinnati,OH
North Cincinnati Community Church;Cincinnati,OH
Northwest Presbyterian Church;Dublin,OH
Redeemer Church;Mason,OH
Redeemer Church PCA;Hudson,OH
Resurrection Presbyterian Church;Strongsville,OH
South Dayton Presbyterian Church;Dayton,OH
St. John Church;Cincinnati,OH
Story Church, Mayfield;Mayfield Heights,OH
Story Presbyterian Church;Westerville,OH
The Granville Chapel;Granville,OH
The Heights Presbyterian Church;Cleveland,OH
Trinity Church PCA;North Canton,OH
Veto Presbyterian Church;Vincent,OH
Walnut Creek Presbyterian Church;Gahanna,OH
Zion Reformed Church;Winesburg,OH
Christ Presbyterian Church;Tulsa,OK
Christ Presbyterian Church of Claremore;Claremore,OK
Christ the King Presbyterian Church;Norman,OK
City Presbyterian Church;Oklahoma City,OK
First Reformed Presbyterian Church;Minco,OK
Grace & Peace Presbyterian Church;Tulsa,OK
Grace Presbyterian Church;Stillwater,OK
Heritage Presbyterian Church;Edmond,OK
Hope Presbyterian Church;Bartlesville,OK
King's Cross Church;Edmond,OK
Na Nu Rie Presbyterian Church of Lawton;Lawton,OK
New City Fellowship;Tulsa,OK
Redeemer Presbyterian Church;Edmond,OK
RiverOaks Presbyterian Church;Tulsa,OK
Shawnee Presbyterian Church;Shawnee,OK
Three Rivers Church (PCA);Grove,OK
Trinity Presbyterian Church;Owasso,OK
Christ Church Toronto;Toronto,ON
Grace Toronto Church;Toronto,ON
Grace Toronto Japanese Mission;Toronto,ON
Grace Valley Church;Dundas,ON
KW Redeemer;Kitchener,ON
New City Church;Hamilton,ON
New City Church Newmarket;Newmarket,ON
Providence Community Church;St. Catharines,ON
Resurrection Church;Ottawa,ON
Ascension Presbyterian Church;Hillsboro,OR
Chehalem Valley Presbyterian Church;Newberg,OR
City Church;Eugene,OR
Evergreen Presbyterian Church;Beaverton,OR
Evergreen Presbyterian Church;Salem,OR
Hope Presbyterian Church;Portland,OR
Medford Korean Presbyterian Church;Medford,OR
Oaks Parish;Portland,OR
Oregon Eden Presbyterian Church;Aloha,OR
Berean Presbyterian Church;Ellwood City,PA
Bethany Presbyterian Church;Oxford,PA
Bridge Community Church;Philadelphia,PA
Bridge Community Church;Easton,PA
Calvary Presbyterian Church;Willow Grove,PA
Calvin Presbyterian Church;North Huntingdon,PA
Carlisle Reformed Presbyterian Church;Carlisle,PA
Chapel Presbyterian Church;Beaver,PA
Cheltenham Presbyterian Church;Cheltenham,PA
Christ Covenant PCA;Seneca,PA
Christ Covenant Presbyterian Church;Warminster,PA
Christ Presbyterian Church;Beaver Falls,PA
Christ Reformed Church;Alexandria,PA
Christ the King Presbyterian Church;Philadelphia,PA
Christ The King Presbyterian Church;Conshohocken,PA
Church Without Walls Mission;Willow Grove,PA
City Line Church;Bala Cynwyd,PA
City Reformed Presbyterian Church;Pittsburgh,PA
Cornerstone Presbyterian Church;Lansdale,PA
Cornerstone Presbyterian Church;Center Valley,PA
Cornerstone Presbyterian Church;Landenberg,PA
Covenant Community Presbyterian Church;Wexford,PA
Covenant Presbyterian Church;Harleysville,PA
Covenant Presbyterian Church;Doylestown,PA
Cresheim Valley Church;Philadelphia,PA
CrossPointe Church;Media,PA
Crossroads Community Church;Upper Darby,PA
Darlington Reformed Presbyterian Church;Darlington,PA
Disciple Community Church in Philadelphia;Conshohocken,PA
Emmanuel Church in Philadelphia;Philadelphia,PA
Fairview Reformed Presbyterian Church;Industry,PA
Faith Presbyterian Church;Fairless Hills,PA
Faith Reformed Church;Erie,PA
Faith Reformed Presbyterian Church;Quarryville,PA
First Korean Church in PCA;Dillsburg,PA
First Reformed Presbyterian Church;Pittsburgh,PA
Gospel Fellowship Presbyterian Church;Valencia,PA
Grace & Peace Presbyterian Church;Royersford,PA
Grace and Peace Community Church;Philadelphia,PA
Grace and Peace Presbyterian Church;Pittsburgh,PA
Grace and Truth Church of Dubois;DuBois,PA
Gracepoint Church;Erdenheim,PA
Gracepoint North Church;North Wales,PA
Greene Valley Presbyterian Church;Carmichaels,PA
Hanover Valley Presbyterian Church;Hanover,PA
Harvest Presbyterian Church;Lancaster,PA
Hershey Presbyterian Church;Hummelstown,PA
Hillcrest Presbyterian Church;Volant,PA
Hope Church;Moosic,PA
Hope MontCo;Ambler,PA
Hope Presbyterian Church;Garnet Valley,PA
Hope Reformed Presbyterian Church;Shippensburg,PA
Iron Works Church;Phoenixville,PA
Iron Works Church West Chester;West Chester,PA
Kiski Valley Presbyterian Church;Leechburg,PA
Korean Saints Presbyterian Church;Warminster,PA
Korean United Church of Philadelphia;Philadelphia,PA
Lansdale Presbyterian Church;Hatfield,PA
Laurel Highlands Presbyterian Church;Bovard,PA
Lebanon Valley Presbyterian Church;Lebanon,PA
Lehigh Valley Presbyterian Church;Allentown,PA
Liberti Church Fairmount;Philadelphia,PA
Liberti Church of the River Wards;Philadelphia,PA
Manor Presbyterian Church;Cochranville,PA
Meadowcroft Presbyterian Church;West Chester,PA
Middlesex Presbyterian Church;Butler,PA
Mosaic Community Church;Jeanette,PA
Murrysville Community Church;Murrysville,PA
Nak Won Presbyterian Mission;Dresher,PA
New Covenant Fellowship;Mechanicsburg,PA
New Covenant Presbyterian Church;Monroeville,PA
New Life Church of Philadelphia;Philadelphia,PA
New Life Presbyterian Church;Dresher,PA
New Life Presbyterian Church;Glenside,PA
New Life Presbyterian Church;Harrison City,PA
New Life Presbyterian Church;York,PA
New Life Presbyterian Church of Hopewell Township;Aliquippa,PA
Northeast Community Church;Philadelphia,PA
Oakwood Presbyterian Church;State College,PA
Olive Street Presbyterian Church;Coatesville,PA
Philadelphia Bible Reformed Church;Wynnewood,PA
Philadelphia Korean Presbyterian Church;Philadelphia,PA
Pilgrim Church;Philadelphia,PA
Pilgrim Presbyterian Mission;Scottdale,PA
Pioneer Presbyterian Church;Ligonier,PA
Pittsburgh Korean Church;Wexford,PA
Presbyterian Church of Pitcairn;Pitcairn,PA
Proclamation Presbyterian Church;Bryn Mawr,PA
Proclamation Presbyterian Church;Mount Joy,PA
Providence Presbyterian Church;Pittsburgh,PA
Providence Presbyterian Church;York,PA
Providence Presbyterian Church;Quakertown,PA
Redeemer Presbyterian Church;Chambersburg,PA
Redemption Hill Church PCA;Jefferson Hills,PA
Reformed Presbyterian Church;Ephrata,PA
Reformed Presbyterian Church of Slate Lick;Kittanning,PA
Renewal Presbyterian Church ;Philadelphia,PA
Renewal Presbyterian Church of the Main Line;Bryn Mawr,PA
Restoration Presbyterian Church;Upper Chichester,PA
Resurrection Indiana;Indiana,PA
Rock of Israel Messianic Congregation;Philadelphia,PA
Rocky Springs Presbyterian Church;Harrisville,PA
Sarang Nanum Community Church;Ambler,PA
Second City Church;Harrisburg,PA
Springton Lake Presbyterian Church;Newtown Square,PA
St. Stephen Reformed Church;New Holland,PA
State College Korean Church;State College,PA
Stillwaters Presbyterian Church, PCA;West Grove,PA
Tenth Presbyterian Church;Philadelphia,PA
Third Reformed Presbyterian Church;Philadelphia,PA
Trinity Presbyterian Church;Harrisburg,PA
Trinity Presbyterian Church;Johnstown,PA
View Crest Presbyterian Church;Eighty Four,PA
Washington Presbyterian Church;Washington,PA
West Erie Presbyterian Church;Erie,PA
West Valley Presbyterian Church;Wescosville,PA
Westminster Presbyterian Church;Butler,PA
Westminster Presbyterian Church;Lancaster,PA
Wheatland Presbyterian Church;Lancaster,PA
Christ Our Hope Presbyterian Church;Charlestown,RI
Trinity Presbyterian Church;Providence,RI
Aimwell Presbyterian Church;Ridgeway,SC
Andrews Presbyterian Church;Andrews,SC
Antioch Presbyterian Church;Woodruff,SC
Bethel Presbyterian Church;Clover,SC
Blue Ridge Presbyterian Church;Greer,SC
Blythewood Presbyterian Church;Blythewood,SC
Bullock Creek Presbyterian Church;Sharon,SC
Center Point Presbyterian Church;Moore,SC
Central Presbyterian Church;Kingstree,SC
Chapin Presbyterian Church;Chapin,SC
Christ Church Presbyterian;Charleston,SC
Christ Community Church;Batesburg-Leesville,SC
Christ Community Church;Simpsonville,SC
Christ Covenant Church;Columbia,SC
Christ Ridge Presbyterian Church;Fort Mill,SC
Church Creek Presbyterian Church;Charleston,SC
Clemson Presbyterian Church;Clemson,SC
Columbia Agape Presbyterian Church;Columbia,SC
Columbia Presbyterian Church;Columbia,SC
Columbia Presbyterian Mission;Columbia,SC
Cornerstone Presbyterian Church;Columbia,SC
Covenant Community Church;Lexington,SC
Covenant Presbyterian Church;Easley,SC
Crossgate Church;Seneca,SC
Downtown Presbyterian Church;Greenville,SC
Eastbridge Presbyterian Church;Mount Pleasant,SC
Eastside Presbyterian Church;Greenville,SC
Eau Claire Presbyterian Church;Columbia,SC
Emmanuel Upstate Presbyterian Church Mission;Taylors,SC
Fairview Presbyterian Church;Fountain Inn,SC
Faith Presbyterian Church;Cheraw,SC
Faith Presbyterian Church;Florence,SC
Faith Presbyterian Church;Myrtle Beach,SC
Faith Presbyterian Church;Irmo,SC
Fellowship Presbyterian Church;Greer,SC
Filbert Presbyterian Church;York,SC
First Presbyterian Church;Dillon,SC
First Scots Presbyterian Church;Beaufort,SC
Friendship Presbyterian Church;Laurens,SC
Fulton Presbyterian Church;Greer,SC
Good Shepherd Presbyterian Church PCA;Florence,SC
Grace &  Peace Presbyterian Church;Greenville,SC
Grace Coastal Presbyterian Church;Okatie,SC
Grace Point Presbyterian Church;Irmo,SC
Grace Presbyterian Church;Spartanburg,SC
Grace Presbyterian Church;Aiken,SC
Grace Presbyterian Church;Conway,SC
Greenwood Presbyterian Church;Greenwood,SC
Hartsville Presbyterian Church;Hartsville,SC
Heritage Presbyterian Church;West Columbia,SC
Hilton Head Presbyterian Church;Hilton Head Island,SC
Hope Community Church PCA;Summerville,SC
Hopewell Presbyterian Church;Rock Hill,SC
Horizon Church;Greenville,SC
Keowee Presbyterian Church;Six Mile,SC
Kingstree Presbyterian Church;Kingstree,SC
Lebanon Presbyterian Church;Winnsboro,SC
Lebanon Presbyterian Church;Abbeville,SC
Lexington Presbyterian Church;Lexington,SC
Liberty Springs Presbyterian Church Mission;Cross Hill,SC
Living Hope;Anderson,SC
Longtown Presbyterian Church;Ridgeway,SC
McCutchen Memorial Presbyterian Church;Union,SC
Metro North Presbyterian Church;Goose Creek,SC
Mitchell Road Presbyterian Church;Greenville,SC
Mount Calvary Presbyterian Church;Roebuck,SC
Mountville Presbyterian Church;Mountville,SC
Mouzon Presbyterian Church;Kingstree,SC
Mullins Presbyterian Church;Mullins,SC
New City Fellowship Mission;Orangeburg,SC
New Covenant Church;Anderson,SC
New Covenant Presbyterian Church;Aiken,SC
New Covenant Presbyterian Church;Manning,SC
New Harmony Presbyterian Church;Alcolu,SC
New Harmony Presbyterian Church;Fountain Inn,SC
New Hope Presbyterian Church;Abbeville,SC
Norris Hill Presbyterian Church;Anderson,SC
North Augusta Fellowship;North Augusta,SC
Northeast Presbyterian Church;Columbia,SC
Oakbrook Community Church;Summerville,SC
Olivet Presbyterian Church;McConnells,SC
Palmetto Hills Presbyterian Church;Simpsonville,SC
Point Hope Presbyterian Church;Charleston,SC
Powell Presbyterian Church;Spartanburg,SC
Providence Presbyterian Church;Spartanburg,SC
Redeemer Presbyterian Church;Charleston,SC
Redeemer Presbyterian Church;Travelers Rest,SC
Redeeming Grace PCA;Lake Wylie,SC
Reedy Creek Presbyterian Church;Dillon,SC
Reidville Presbyterian Church;Reidville,SC
Resurrection Presbyterian Church Mission;Greenville,SC
Rivercrest Presbyterian Church;Lexington,SC
Rock Bridge Presbyterian Church;Clinton,SC
Roebuck Presbyterian Church;Roebuck,SC
Rose Hill Presbyterian Church;Columbia,SC
Salem Presbyterian Church;Blair,SC
Salem Presbyterian Church;Gaffney,SC
Sandol Presbyterian Church;Columbia,SC
Sardinia Presbyterian Church;New Zion,SC
Second Presbyterian Church;Greenville,SC
Smyrna Presbyterian Church;Newberry,SC
St. Andrews Presbyterian Church;Columbia,SC
Surfside Presbyterian Church;Myrtle Beach,SC
Temple Presbyterian Church;Clover,SC
Trinity Presbyterian Church;Chester,SC
Trinity Presbyterian Church;Orangeburg,SC
Trinity Presbyterian Church;Lancaster,SC
Two Rivers Presbyterian Church;North Charleston,SC
Union Memorial Presbyterian Church;Winnsboro,SC
Union Presbyterian Church;Salters,SC
Watershed Fellowship;Lexington,SC
Westminster Presbyterian Church;Rock Hill,SC
Westminster Presbyterian Church;Clinton,SC
Westminster Presbyterian Church;Sumter,SC
Woodruff Road Presbyterian Church;Simpsonville,SC
Zion Presbyterian Church;Chester,SC
Black Hills Community Church;Rapid City,SD
Foothills Community Church;Sturgis,SD
Grace Presbyterian Church;Sioux Falls,SD
Lennox Ebenezer Presbyterian Church;Lennox,SD
Living Hope Community Church;Tea,SD
New Covenant Presbyterian Church;Spearfish,SD
Pollock Memorial Presbyterian Church;Pollock,SD
Reformed Presbyterian Church;Lemmon,SD
All Saints Presbyterian Church;Brentwood,TN
Arcadia Presbyterian Church;Kingsport,TN
Cash Hollow Presbyterian Church ;Johnson City,TN
Christ Community Church;Johnson City,TN
Christ Community Church;Franklin,TN
Christ Covenant Presbyterian Church;Knoxville,TN
Christ Presbyterian Church;Sweetwater,TN
Christ Presbyterian Church;Nashville,TN
Christ Presbyterian Church of Clarksville;Clarksville,TN
Christ Presbyterian Church of Fayette County;Somerville,TN
Christ the King Church;Louisville,TN
City Church of East Nashville;Nashville,TN
Cornerstone Presbyterian Church;Franklin,TN
Covenant Presbyterian Church;Nashville,TN
Covenant Presbyterian Church;Tullahoma,TN
Covenant Presbyterian Church;Oak Ridge,TN
Covenant Presbyterian Church;Chattanooga,TN
Covenant Presbyterian Church at Jackson;Jackson,TN
Crossroads of the Nations;Brentwood,TN
East Ridge Presbyterian Church;Chattanooga,TN
Ebenezer Presbyterian Church;Knoxville,TN
Edgemont Presbyterian Church;Bristol,TN
Evergreen Presbyterian Church;Sevierville,TN
Faith Presbyterian Church;Goodlettsville,TN
Fellowship Presbyterian Church;Newport,TN
First Presbyterian Church;Chattanooga,TN
First Presbyterian Church;Crossville,TN
First Presbyterian Church at Dyersburg;Dyersburg,TN
Flatrock Community Church;Nashville,TN
Grace Community Church PCA;Memphis,TN
Grace Presbyterian Church;Cookeville,TN
Grace Presbyterian Church;Jasper,TN
Grace Presbyterian Church;Troy,TN
Grace Presbyterian Church at Jackson;Jackson,TN
Grace+Peace Church Chattanooga;Ooltewah,TN
Hickory Grove Presbyterian Church;Mt. Juliet,TN
Hickory Withe Presbyterian Church;Hickory Withe,TN
Hixson Presbyterian Church;Hixson,TN
Independent Presbyterian Church;Memphis,TN
Korean Sarang Church of Knoxville;Knoxville,TN
Lakeway Presbyterian Church;Morristown,TN
Lookout Mountain Presbyterian Church;Lookout Mountain,TN
Meadow Creek Presbyterian Church;Greeneville,TN
Memorial Presbyterian Church;Elizabethton,TN
Mercy Presbyterian Church;Franklin,TN
Midtown Fellowship Church;Nashville,TN
Midway Presbyterian Church;Jonesborough,TN
Mosaic Fellowship;Chattanooga,TN
Mountain Fellowship;Signal Mountain,TN
Mountain View Presbyterian Church;Chattanooga,TN
New City Fellowship;Chattanooga,TN
New City Fellowship - East Lake;Chattanooga,TN
North Shore Fellowship;Chattanooga,TN
Parish Presbyterian Church ;Franklin,TN
Parks Church PCA;Nashville,TN
Princeton Presbyterian Church;Johnson City,TN
Red Bank Presbyterian Church;Chattanooga,TN
Redeemer Church Murfreesboro;Murfreesboro,TN
Redeemer Church of Knoxville;Knoxville,TN
Redeemer Fellowship of Nashville;Nashville,TN
Redeemer Presbyterian Church;Dickson,TN
Redeemer Presbyterian Church;Memphis,TN
Restoration Southside Church;Chattanooga,TN
Resurrection Presbyterian Church, Inc.;Knoxvillle,TN
Riveroaks Reformed Presbyterian Church;Germantown,TN
Smoky Mountain Presbyterian Church;Maryville,TN
Southpointe Community Church;Nolensville,TN
St. Elmo Presbyterian Church;Chattanooga,TN
The Church of Grace Village: A Community of the PCA;Nashville,TN
Trinity Church PCA;Collierville,TN
Trinity Presbyterian Church;Murfreesboro,TN
Trinity Presbyterian Church;Maryville,TN
Trinity Presbyterian Church;Cleveland,TN
Walnut Hill Presbyterian Church;Bristol,TN
Wayside Presbyterian Church;Signal Mountain,TN
West End Community Church;Nashville,TN
West Hills Presbyterian Church;Harriman,TN
West Hills Presbyterian Church;Knoxville,TN
Westminster Presbyterian Church;Johnson City,TN
Westminster Presbyterian Church;Kingsport,TN
Westminster Presbyterian Church;Dayton,TN
Woodlands Gathering;Soddy Daisy,TN
Zion Presbyterian Church;Columbia,TN
Advent Presbyterian Church of Houston;Houston,TX
All Saints Presbyterian Church;Austin,TX
Austin Grace Presbyterian Church;Austin,TX
Bay Area Presbyterian Church;Webster,TX
Bethel Church PCA;Dallas,TX
Bright Castle Presbyterian Church;Killeen,TX
Christ Church;Katy,TX
Christ Church - Kerrville;Kerrville,TX
Christ Church Georgetown;Georgetown,TX
Christ Church New Braunfels;New Braunfels,TX
Christ Church San Antonio;San Antonio,TX
Christ Community Church in Frisco;Frisco,TX
Christ Evangelical Presbyterian Church;Houston,TX
Christ Presbyterian Church;Victoria,TX
Christ Presbyterian Church of Huntsville;Huntsville,TX
Christ the King;DeSoto,TX
Christ the King Presbyterian Church;Houston,TX
Christ the King Presbyterian Church;El Paso,TX
Christ the King Presbyterian Church;Austin,TX
Colleyville Presbyterian Church;Colleyville,TX
Cornerstone Church of Houston;Houston,TX
Covenant Presbyterian Church;Houston,TX
Covenant Presbyterian Church;Harlingen,TX
Covenant Presbyterian Church;Lufkin,TX
Cristo Rey;Dallas,TX
CrossPointe Church;Austin,TX
Dallas Dream Church;Carrollton,TX
Denton Presbyterian Church;Denton,TX
Dios Con Nosotros Iglesia Presbiteriana;Edinburg,TX
El Buen Pastor;Dallas,TX
Emmanuel Presbyterian Church;Cedar Park,TX
Faith Community Church;Pearland,TX
Faith Presbyterian Church;San Antonio,TX
Faith Presbyterian Church;Paris,TX
Fifth Street Presbyterian Church;Tyler,TX
Fort Worth Presbyterian Church;Fort Worth,TX
Global Presbyterian Church;Katy,TX
Grace and Peace Presbyterian Church;Anna,TX
Grace Community Presbyterian Church;Fort Worth,TX
Grace Presbyterian Church;The Woodlands,TX
Grace Presbyterian Church;McAllen,TX
Grace+Peace Presbyterian Church of Austin;Austin,TX
Hill Country PCA Mission;Killeen,TX
Hope Presbyterian Church;New Braunfels,TX
Hope Presbyterian Church of Dallas;Carrollton,TX
Hosanna Community Church;Tomball,TX
Houston Church for the Lord;Webster,TX
Iglesia La Vid;Laredo,TX
Joyful Community Church of Texas;Katy,TX
King's Cross Cypress;Cypress,TX
Korean Faith Presbyterian Church of Houston;Houston,TX
Korean Grace Presbyterian Church of Corpus Christi;Corpus Christi,TX
Korean Open Door Presbyterian Church;Houston,TX
Korean Presbyterian Church of Houston;Houston,TX
Lakeside Presbyterian Church;Southlake,TX
Lakewood Presbyterian Church;Dallas,TX
Las Tierras Community Church;El Paso,TX
Mercy Presbyterian Church;Dallas,TX
Metrocrest Presbyterian Church;Carrollton,TX
New City Fellowship Dallas;Dallas,TX
New City Presbyterian Church;Celina,TX
New Covenant Presbyterian Church;Dallas,TX
New Somang Presbyterian Church;Bryan,TX
New St. Peter's Presbyterian Church;Dallas,TX
Oaklawn Presbyterian Church;Houston,TX
Park Cities Presbyterian Church;Dallas,TX
Providence Presbyterian Church;Midland,TX
Providence Presbyterian Church;Sugar Land,TX
Providence Presbyterian Church;Dallas,TX
Providence Presbyterian Church;Lubbock,TX
Redeemer Arlington;Arlington,TX
Redeemer Mission Church;College Station,TX
Redeemer Presbyterian;Tyler,TX
Redeemer Presbyterian Church;Temple,TX
Redeemer Presbyterian Church;Austin,TX
Redeemer Presbyterian Church;McKinney,TX
Redeemer Presbyterian Church;Waco,TX
Redeemer Presbyterian Church;San Antonio,TX
Redeemer Presbyterian Church;Amarillo,TX
Redeemer Sugar Land;Sugar Land,TX
Reformed Presbyterian Church;Beaumont,TX
Riverside Church;Beaumont,TX
Rockwall Presbyterian Church;Rockwall,TX
Southside Community Church;Corpus Christi,TX
Southwest Presbyterian Church;Houston,TX
Spring Cypress Presbyterian Church;Spring,TX
Sung San Presbyterian Mission;Carrollton,TX
The True Light Church of Dallas;Irving,TX
Town North Presbyterian Church;Richardson,TX
Tree of Life Church;Cypress,TX
Trinity Grace Church;San Antonio,TX
Trinity Presbyterian;Fort Worth,TX
Trinity Presbyterian Church;Plano,TX
Trinity Presbyterian Church;Boerne,TX
Weatherford Presbyterian Church;Weatherford,TX
Westminster Presbyterian Church;Greenville,TX
Westminster Presbyterian Church;Gainesville,TX
Westminster Presbyterian Church;Bryan,TX
Ye Darm Presbyterian Church of Houston;Katy,TX
Ye Won Mission Church;Houston,TX
Zion Presbyterian Church;Prosper,TX
All Saints Reformed Church;St. George,UT
Brigham City Bible Church;Brigham City,UT
City Presbyterian Church;Salt Lake City,UT
Copper Hills Church;Herriman,UT
Corner Canyon Church;Draper,UT
CrossPoint Presbyterian Church;Park City,UT
Grace Church of Utah;Layton,UT
Jordan Valley Church PCA;West Jordan,UT
New City Salt Lake;Salt Lake City,UT
New Song Presbyterian Church;Salt Lake City,UT
Abingdon Presbyterian Church;Abingdon,VA
Alexandria Presbyterian Church;Alexandria,VA
All Nations Church;Charlottesville,VA
All Saints Reformed Presbyterian Church;Richmond,VA
Bartlick Presbyterian Church;Haysi,VA
Boonsboro Presbyterian Church;Lynchburg,VA
By Grace Community Church ;Yorktown,VA
Calvary Presbyterian Church;Norfolk,VA
Calvary Reformed Presbyterian Church;Hampton,VA
Centralia Presbyterian Church;Chester,VA
Chinese Christian Church;Falls Church,VA
Chinese Christian Church of Virginia, Springfield Mission;Springfield,VA
Chosen Presbyterian Church;Fairfax,VA
Christ Central ;Charlottesville,VA
Christ Central Presbyterian Church;Centreville,VA
Christ Church of Arlington;Arlington,VA
Christ Presbyterian Church;Harrisonburg,VA
Christ Presbyterian Church Burke;Fairfax,VA
Christ the King Presbyterian Church;Roanoke,VA
Church Hill Presbyterian Church;Richmond,VA
Church of Love & Truth;Falls Church,VA
City Church of Richmond;Richmond,VA
Coeburn Presbyterian Church;Coeburn,VA
Cornerstone Presbyterian Church;Vienna,VA
Covenant Presbyterian Church;Richmond,VA
Covenant Presbyterian Church;Harrisonburg,VA
Covenant Presbyterian Church;Cedar Bluff,VA
Crossroads Presbyterian Church;Woodbridge,VA
Crosswater Presbyterian Church ;Chesapeake,VA
Crown and Joy;Richmond,VA
Draper's Valley Presbyterian Church;Draper,VA
Eagle Heights Presbyterian Church;Winchester,VA
Eastminster Presbyterian Church;Virginia Beach,VA
Emmanuel Presbyterian Church;Arlington,VA
Evangelize Today Ministries;Fairfax Station,VA
Evergreen Community Church;Powhatan,VA
Evident Grace Fellowship;Fredericksburg,VA
First Asian Indian Presbyterian Church;Herndon,VA
Gainesville Presbyterian Church;Gainesville,VA
Grace Christian Church;Herndon,VA
Grace Community;Centreville,VA
Grace Community Church;Charlottesville,VA
Grace Community Presbyterian Church;Mechanicsville,VA
Grace Covenant Presbyterian Church;Williamsburg,VA
Grace Covenant Presbyterian Church;Blacksburg,VA
Grace Presbyterian Church;Lexington,VA
Grace Presbyterian Church;King George,VA
Grace Presbyterian Church;Chesapeake,VA
Harvester Presbyterian Church;Springfield,VA
Harvestwood Covenant Presbyterian Church;Floyd,VA
Heritage Presbyterian Church;Warrenton,VA
Holy Cross Presbyterian Church;Staunton,VA
Hope of Christ Presbyterian Church;Stafford,VA
Hope Presbyterian Church;Smithfield,VA
Hope Presbyterian Church;Martinsville,VA
Hope Presbyterian Church of Crozet;Crozet,VA
Iglesia Hispana de Sycamore;Midlothian,VA
Immanuel Presbyterian Church;Norfolk,VA
King's Cross Church;Ashburn,VA
Korean Central Presbyterian Church ;Centreville,VA
Korean Presbyterian Church of Centreville;Chantilly,VA
Korean Presbyterian Church of Washington;Fairfax,VA
McLean Korean Presbyterian Church;McLean,VA
McLean Presbyterian Church;McLean,VA
Mercy Presbyterian Church;Lynchburg,VA
Mok Yang Presbyterian Church Mission;Fairfax,VA
New City Fellowship;Fredericksburg,VA
New Covenant Presbyterian Church;Virginia Beach,VA
New Creation Presbyterian Church;Chester,VA
New Hope Presbyterian Church;Fairfax,VA
New Life in Christ Church;Fredericksburg,VA
New Life Korean Church;Fredericksburg,VA
New Life Presbyterian Church;Virginia Beach,VA
NewCity Church;Vienna,VA
Northside Church of Richmond ;Richmond,VA
One Voice Fellowship;Falls Church,VA
Potomac Hills Presbyterian Church;Leesburg,VA
Providence Presbyterian Church;Christiansburg,VA
Pulaski Presbyterian Church;Pulaski,VA
Redeemer Presbyterian Church;Virginia Beach,VA
Resurrection Community Church;Virginia Beach,VA
River's Edge Bible Church;Hopewell,VA
Rothem Presbyterian Church;Springfield,VA
Saesoon Presbyterian Church of Virginia;Norfolk,VA
Sandlick Presbyterian Church;Birchleaf,VA
Seven Springs Presbyterian Church;Glade Spring,VA
Shore Presbyterian Mission;Exmore,VA
Spriggs Road Presbyterian Church;Manassas,VA
Spring Run Presbyterian Church of Chesterfield County;Midlothian,VA
Stony Point Reformed Presbyterian Church;Richmond,VA
Sycamore Presbyterian Church;Midlothian,VA
Tabernacle Presbyterian Church;Waynesboro,VA
The Church for All Nations;Vienna,VA
The Lord Presbyterian Church;Springfield,VA
Trinity Presbyterian Church;Norfolk,VA
Trinity Presbyterian Church;Charlottesville,VA
True Hope Church;Manassas,VA
Washington Evergreen Church;Mt. Jackson,VA
West End Presbyterian Church;Hopewell,VA
West End Presbyterian Church;Richmond,VA
West Hopewell Presbyterian Church;Hopewell,VA
Westminster Presbyterian Church;Roanoke,VA
Westminster Reformed Presbyterian Church;Suffolk,VA
Trinity Presbyterian Church;St. Albans,VT
Ascension Presbyterian Church;Edmonds,WA
Christ Church Bellingham;Bellingham,WA
Christ the Cornerstone Church;Seattle,WA
Coram Deo Presbyterian Church;Spokane,WA
Covenant Presbyterian Church;Walla Walla,WA
Covenant Presbyterian Church;Issaquah,WA
Cross Sound Church;Bainbridge Island,WA
Crossroads @ Lake Stevens;Lake Stevens,WA
Faith Presbyterian Church;Tacoma,WA
Grace Church Seattle;Seattle,WA
Grace Community Presbyterian Church;Bremerton,WA
Grace Presbyterian Church;Mt. Vernon,WA
Hope Fellowship Presbyterian Church;White Swan,WA
Hope Presbyterian Church;Bellevue,WA
J Plus Presbyterian Church;Lynwood,WA
Liberty Bay Presbyterian Church;Poulsbo,WA
Olympia One Light Presbyterian Church;Lacey,WA
Pullman Korean Presbyterian Church;Pullman,WA
Redeemer Redmond Church;Redmond,WA
Resurrection Presbyterian Church;Tacoma,WA
Seattle Disciple Church;Auburn,WA
Seattle Lamp Presbyterian Church;Seattle,WA
St. Andrews Presbyterian Church Yakima;Yakima,WA
The Good Church;Tacoma,WA
Trinitas Presbyterian Church;Mill Creek,WA
Trinity Church Seattle;Seattle,WA
Westminster Presbyterian Church;Everett,WA
Westminster Presbyterian Church;Vancouver,WA
All Saints Church;Green Bay,WI
Bible Presbyterian Church;Merrill,WI
Christ Church Milwaukee;Milwaukee,WI
Christ Covenant Church;La Crosse,WI
Cornerstone Church;Delafield,WI
Emmaus Road Church;Appleton,WI
Faith Reformed Church;Cedar Grove,WI
Friend of Sinners Church;Milwaukee,WI
Gibbsville Church;Sheboygan Falls,WI
Grace & Peace Oconomowoc;Oconomowoc,WI
Grace Presbyterian Church;Pardeeville,WI
Harvest Church of Madison;Madison,WI
Iglesia Presbiteriana Corpus Christi;Waukesha,WI
Jacob's Well Presbyterian Church;Green Bay,WI
Lake Trails Presbyterian Church;Madison,WI
Living Stone Church;Oshkosh,WI
Madison Sah-lang Church;Madison,WI
New Hope Community Church;Wausau,WI
Resurrection Madison;Madison,WI
Trinity Presbyterian Church;Waukesha,WI
Covenant Presbyterian Church;Nitro,WV
Grace Church - Buckhannon;Buckhannon,WV
Kanawha Salines Presbyterian Church;Malden,WV
Mercy Presbyterian Church ;Morgantown,WV
Pilgrim Presbyterian Church;Martinsburg,WV
Pliny Presbyterian Church;Pliny,WV
Providence Reformed Presbyterian Church;Barboursville,WV
Redeemer Presbyterian Church;Hurricane,WV
Trinity Presbyterian Church;New Martinsville,WV
Winifrede Presbyterian Church;Winifrede,WV
Covenant Presbyterian Church;Lander,WY
Harvest Reformed Presbyterian Church;Gillette,WY
Northwoods Presbyterian Church;Cheyenne,WY